tipo,id,titulo,descricao,thumbnails_png,canal,tags,idioma,duracao,definicao,visualizacoes,likes,comentarios,contentDetails.regionRestriction.blocked,dia,horario,link
youtube video,tnY7QupgezY,JOGO COMPLETO: MIRASSOL X S√ÉO PAULO | RODADA 2 | FASE DE GRUPOS |¬†PAULIST√ÉO¬†2024,"√â DIA DE PAULIST√ÉO NA CAZ√âTV! Acompanhe o duelo entre MIRASSOL x S√ÉO PAULO v√°lido pela 2¬™ rodada do Paulist√£o 2024, nesta Ter√ßa-Feira (23/01), aqui no YouTube!

#Paulist√£oNaCaz√©TV",https://i.ytimg.com/vi/tnY7QupgezY/maxresdefault.jpg,Caz√©TV,"['Casimiro', 'Casimiro ao vivo', 'Futebol ao vivo', 'Futebol Caz√©TV', 'Caz√©TV', 'Caz√© TV', 'Caz√© ao vivo', 'Caz√©TV ao vivo', 'casetv', 'paulist√£o hoje', 'jogo paulist√£o', 'onde assistir paulist√£o', 'assistir paulist√£o', 'assistir paulist√£o ao vivo', 'campeonato paulista ao vivo', 'S√ÉO PAULO ao vivo', 'MIRASSOL x S√ÉO PAULO', 'S√ÉO PAULO x MIRASSOL', 'assistir S√ÉO PAULO', 'assistir MIRASSOL x S√ÉO PAULO', 'assistir S√ÉO PAULO ao vivo', 'onde assistir S√ÉO PAULO', 'jogo S√ÉO PAULO ao vivo', 'sao paulo paulistao', 'sao paulo mirassol']",pt-BR,426.92,hd,6375353,177018,9,,2024-01-24,04:46:05,www.youtube.com/watch?v=tnY7QupgezY
youtube video,JleoAppaxi0,IU 'Love wins all' MV,"IU Pre-Release Single 'Love wins all'
‚û´ 2024.01.24 6PM (KST)

#ÏïÑÏù¥Ïú† #IU #Love_wins_all


[IU Official SNS]

YouTube ‚ñ∂ https://www.youtube.com/@dlwlrma
Instagram ‚ñ∂ https://www.instagram.com/dlwlrma/
X ‚ñ∂https://twitter.com/_IUofficial
Tiktok ‚ñ∂ https://www.tiktok.com/@_iuofficial
Fancafe ‚ñ∂ https://cafe.daum.net/IU",https://i.ytimg.com/vi/JleoAppaxi0/maxresdefault.jpg,Ïù¥ÏßÄÍ∏à [IU Official],"['IU', 'ÏïÑÏù¥Ïú†', 'Ïù¥Îã¥', 'EDAM', 'Ïù¥ÏßÄÍ∏à', 'dlwlrma', 'ÏÑ†Í≥µÍ∞ú', 'Pre-Release', 'Single', 'Love wins all', 'Îü¨Î∏åÏúàÏä§Ïò¨', 'MV', 'ÎÆ§ÏßÅÎπÑÎîîÏò§', 'Music video', 'BTS', 'Î∑î', 'bts v', 'ÏïÑÏù¥Ïú† Î∑î', 'IU V', 'ÏóÑÌÉúÌôî', 'ÏóÑÌÉúÌôî Í∞êÎèÖ']",ko,5.38,hd,14883569,2471210,149302,,2024-01-23,15:00:15,www.youtube.com/watch?v=JleoAppaxi0
youtube video,0N0q5R8Qk4o,BOL√çVIA 0 X 1 BRASIL | MELHORES MOMENTOS | PR√â-OL√çMPICO SUL-AMERICANO MASCULINO 2024 | sportv,"O Brasil n√£o jogou bem, mas venceu na estreia pelo Torneio Pr√©-Ol√≠mpico: 1 a 0 sobre a Bol√≠via, no est√°dio Brigido Iriarte, em Caracas, na Venezuela. O atacante Endrick fez o gol da vit√≥ria aos quatro minutos do primeiro tempo. O t√©cnico da sele√ß√£o boliviana, o brasileiro Ant√¥nio Carlos Zago, foi expulso aos 41 minutos do segundo tempo. Al√©m disso, a equipe dele ficou com um jogador a menos nos minutos finais, ap√≥s a les√£o de Daniel Ribera.

https://ge.globo.com/olimpiadas/futebol/pre-olimpico/jogo/23-01-2024/bolivia-brasil.ghtml

#Brasil #Bol√≠via #futebol 
______________________________________
‚úÖ INSCREVA-SE NO CANAL GE:  https://cutt.ly/xfHlwBk

üëç Curtiu o v√≠deo? Deixe seu like e d√™ seu pitaco üòé‚öΩ 

üåü Playlists pra voc√™ maratonar üåü 

‚ñ∫ Bola Quadrada:  https://cutt.ly/IfHk7ra 
‚ñ∫ BMFC: https://cutt.ly/gfHk5bH
‚ñ∫Humor no GE: https://cutt.ly/HfHk6SY
‚ñ∫Jogos Hist√≥ricos: https://cutt.ly/BkxoZJX
‚ñ∫ Listas e TOPs: https://cutt.ly/hkxo51U
‚ñ∫ Originais GE: https://cutt.ly/vkxpunL
‚ñ∫ Melhores Momentos do Brasileir√£o:  https://cutt.ly/NfHk9TS
‚ñ∫ Melhores Copa do Brasil: https://cutt.ly/LfHk3Di
‚ñ∫ Gols S√©rie B: https://cutt.ly/LfHk84c

‚úÖ Inscreva-se, tamb√©m, no canal do CARTOLA FC e fique por dentro das melhores dicas do maior fantasy game do Brasil - https://cutt.ly/ffV1Xri
______________________________________  

No canal ge voc√™ encontra os melhores conte√∫dos do FUTEBOL BRASILEIRO! ü§ôüòé",https://i.ytimg.com/vi/0N0q5R8Qk4o/maxresdefault.jpg,ge,"['Bol√≠via', 'Brasil', 'brasil x bol√≠via', 'brasil x bolivia', 'bol√≠via x brasil', 'bolivia x brasil', 'brasil ao vivo', 'jogo do brasil', 'sele√ß√£o brasileira', 'selecao brasileira', 'sele√ß√£o brasileira ao vivo', 'selecao brasileira ao vivo', 'brasil x bol√≠via melhores momentos', 'brasil x bol√≠via com imagens', 'sele√ß√£o brasileira com imagens', 'neymar', 'diniz', 'fernando diniz', 'estreia fernando diniz', 'eliminat√≥rias', 'eliminatorias', 'estreia diniz', 'argentina', 'colombia', 'equador', 'melhores momentos', 'mm', 'brasil', 'rodrigo', 'endrik']",,3.47,hd,317403,6952,419,,2024-01-23,22:05:28,www.youtube.com/watch?v=0N0q5R8Qk4o
youtube video,5llvd1Uu-iU,Avatar: O √öltimo Mestre do Ar | Trailer oficial | Netflix,"DOMINE SEU ELEMENTO

A s√©rie live-action ""Avatar: O √öltimo Mestre do Ar"" estreia em 22 de fevereiro, s√≥ na Netflix.

Assista na Netflix: https://www.netflix.com/title/80237845

Inscreva-se: https://bit.ly/31ynwtw

Sobre a Netflix:
A Netflix √© um dos principais servi√ßos de entretenimento do mundo. S√£o mais de 247 milh√µes de assinaturas pagas em mais de 190 pa√≠ses com acesso a s√©ries, filmes e jogos de diversos g√™neros e idiomas. Assinantes podem assistir, pausar e voltar a assistir a um t√≠tulo quantas vezes quiserem em qualquer lugar e alterar o plano a qualquer momento.

Avatar: O √öltimo Mestre do Ar | Trailer oficial | Netflix
https://www.youtube.com/@NetflixBrasil",https://i.ytimg.com/vi/5llvd1Uu-iU/maxresdefault.jpg,Netflix Brasil,"['Aang', 'Arden Cho', 'Avatar: O √öltimo Mestre do Ar', 'Azula', 'Dallas Liu', 'Daniel Dae Kim', 'Elizabeth Yu', 'Gordon Cormier', 'Ian Ousley', 'Katara', 'Kiawentiio Tarbell', 'Netflix', 'Ozai', 'Paul Sun-hyung Lee', 'Sokka', 'Tio Iroh', 'Zuko']",en-US,2.48,hd,453576,40705,3026,,2024-01-23,15:58:11,www.youtube.com/watch?v=5llvd1Uu-iU
youtube video,Ic16GBAIscY,TESTANDO A BOLA QUE BRILHA  NO ESCURO! üò±‚öΩÔ∏è *um v√≠deo de led *,"SE INSCREVA NO CANAL E DEIXA O LIKE PRA N√ìIS!

#Revers√£o #Cocielo #Futebol",https://i.ytimg.com/vi/Ic16GBAIscY/maxresdefault.jpg,Revers√£o,"['cocielo', 'vlog', 'challenge', 'soccer', 'games', 'CanalCanalha', 'Revers√£o', 'futebol', 'revers√£o cocielo', 'futebol cocielo', 'Travess√£o', 'victor sarro', 'sarro', 'led', 'bola com led', 'video led', 'futebol led', 'jogo com led']",pt-BR,8.45,hd,302596,44077,353,,2024-01-23,21:00:13,www.youtube.com/watch?v=Ic16GBAIscY
youtube video,2wVmLnEyBu4,Pedro Henrique | Os Melhores Covers [Colet√¢nea Vol. 9],"Gospel Covers Colet√¢neas apresenta uma sequ√™ncia de lindas can√ß√µes interpretadas por Pedro Henrique atrav√©s de vers√µes covers.
------------------------------------------------------------
üéôÔ∏è SIGA PEDRO HENRIQUE NAS REDES SOCIAIS
üìç https://pedrohenrique.lnk.to/Facebook
üìç https://pedrohenrique.lnk.to/Instagram
------------------------------------------------------------
üé∂ ESCUTE ESSA SEQU√äNCIA DE COVERS
[00:00:00]  - 1 A Tua Palavra [Larissa Pires] 
[00:05:18]  - 2  A Vida Chegou [Valesca Mayssa] 
[00:10:36]  - 3  Deus Dos Bastidores [Stella Laura] 
[00:15:57]  - 4  Eis-me Aqui [Valesca Mayssa] 
[00:21:45]  - 5  Foi a M√£o De Deus [Sued Silva] 
[00:27:38]  - 6  O Processo [Suellen Brum] 
[00:32:25]  - 7  Por Causa Dele [Kellen Byanca] 
[00:38:04]  - 8  Se Eu Pudesse [Misaias Oliveira] 
[00:42:51]  - 9  Vai Ser T√£o Lindo [Misaias Oliveira] 
[00:47:22]  - 10 Voc√™ N√£o Vai Parar [Nath√°lia Braga] 


#GospelCoverColet√¢neas #AsMelhores #PedroHenrique",https://i.ytimg.com/vi/2wVmLnEyBu4/maxresdefault.jpg,Gospel Covers Colet√¢neas,"['Gospel Covers Colet√¢neas', 'Gospel Covers', 'Gospel Colet√¢neas', 'Gospel']",,52.3,hd,19629,589,21,,2024-01-23,23:00:11,www.youtube.com/watch?v=2wVmLnEyBu4
youtube video,7EdRiSdsK8s,CONFERINDO TUDO DA NOVA ATUALIZA√á√ÉO DO FREE FIRE!! QUAIS AS NOVIDADES QUE CHEGARAM??,"Chegou a nova atualiza√ß√£o de janeiro 2024 do free fire com skin evolutiva, habilidades, emotes, fim da s√¥nia, nerf na trogon, novas skins, novo mapa e evento do carnacaos!!

Smile One: https://bit.ly/3FBzwP8

----------------------------------------------------------------------------------------------------------------------------
üì©Contato profissional:
diego.nunes.lino@gmail.com
----------------------------------------------------------------------------------------------------------------------------
Instagram: @veni.ff

Fala galera aqui √© o Veni, voc√™ encontra novidades todos os dias do free fire battlegrounds, novos eventos, atualiza√ß√µes e mais‚ù§

Ignore‚¨á
freefire,freefireBrasil,freefireVN,battlegrounds,vazamentos,jogando com inscritos, atualiza√ß√£o, ranked, novo mapa,freefire ao vivo,novo personagem, carreguei o squad na mochila, diamantes, diamantes de gra√ßa, como ganhar diamantes, 1000 diamantes, fullcash, lan√ßa granadas, arma nova, SPOILER, novo carro, nova personagem, NOVO personagem, anoitecer, chat para equipe, c√≥digo,dunk master, paraquedas, matei um squad com 1 tiro, tudo da nova atualiza√ß√£o, melhor jogador do mundo, melhor jogador de free fire, jogando s√≥ de panela, como subir de level e rank r√°pido, bug da invisibilidade, bug free fire, melhor bug free fire, melhor evento do free fire, melhor c√≥digo de itens, evento de itens raros, jogando de pistola, melhor jogador de free fire,M60, como jogar de sniper, como ser o melhor sniper, kar098, awm, como jogar bem com arma de ar, melhor atualiza√ß√£o, nova atualiza√ß√£o, novo sistema de guildas,fortnite, personagem masculino, novo rel√≥gio, nova interface, Gameplay novo personagem, bug do piloto, bug do tatu, videos mais engra√ßados do free fire, hacker ou habilidade, saiu a arma famas,skate, gameplay caroline,pacote dunk master,skull rider,corrida mortal zombie,zombie,high chief,bazuka,doce fantasma, esp√≠rito rosa,season 6,desordem 8 - bits,locura gamer,P90,smg,diwali,ticket sala personalizada,arma royale,emoji,teenage dream,moonwall,blade master,pink paradise,red jazz,Personagem antonio,pacote Anjo e demonio,granada de fuma√ßa,cla de sangue,PSG 1,caixa ceu rosa,iceage,eradogelo,dead of winter,season 7,summoner zumbie samurai,Speed royale,moto rel√¢mpago,angel and devil, col√¥nia Manly,perfume de uma mulher,carro esportivo,mina terrestre,cogumelo lvl 4,sport car,landmine,steampunk,season 8,winterlands,mgl-140,general estelar,hack, pacote descolado,moco,AN94,nuclear,season 9,gatinho,cat,carnaval,carnaval free fire, drag√£o imperador,luck Royale, camisa gola alta preta de volta, Hayato,cubo de gra√ßa,c√≥digo do cubo,Pacote rainha,coelho quadrado, tubar√£o beb√™,mochila phyton, modo confronto,nova incubadora, incubadora unic√≥rnio raivoso,passe de elite jaguar, bandido diamante royale,novo ouro Royale,novo arma Royale,trailer do passe do jaguar,plataforma de lan√ßamento,evento dia do trabalho,novas √°rea, temporada 16 ranqueada,juizo final, pr√© venda do passe,trailer do passe,passe de julho,season 14,modo reden√ß√£o,token m√°scara de a√ßougueiro,token esqueleto louco,nova atualiza√ß√£o,novo evento de ver√£o,ouro royale,season 16 passe de elite,passe do deserto,passe de agosto,arma Royale,passe de novembro, passe de gra√ßa, evento de halloween, passe hockei, novo evento,season 18,loja misteriosa 6.0, cowboy da morte, cal√ßa angelical, incubadora de novembro,world series,alok, personagem alok, supermercado 7.0, dino azul, diamante royale mundial,passe de dezembro,Season 19,modo ranqueado no contra squad, cs, atualiza√ß√£o de natal,evento de natal, pistola de gelo,mapa kalahari, personagem angela, personagem alvaro, pet rob√¥, passe de dezembro de gra√ßa, l√¢mina fatal modo pve, metralhadora de bola de neve - tema de natal, camisas da temporada 14 da ranqueada, passe de janeiro dos ninjas, nova incubadora de dezembro, nova roupa do token rank, passe de fevereiro, atualiza√ß√£o ob20, carnificina de carnaval, evento de natal, nova Barba do papai noel, loja misteriosa 9.0, novo ouro royale, novo diamante, mapa de neve, rank sem perca de pontos, pr√© venda, mapa kalahari, cal√ßa Angelical,trap/rap,season 21, passe de julho, incubadora mp40, passe do apocalipse, incubadora quadra de ases, Ragnarok, evento do Ragnarok, loja misteriosa 8.0, arma thompson, dirig√≠vel, caixa camuflada, passe de junho, spine, incubadora de maio, evento punk, jazz moderno, servidor avan√ßado free fire, novo servidor avan√ßado free fire, tudo sobre o servidor avan√ßado free fire

#freefire #veniff",https://i.ytimg.com/vi/7EdRiSdsK8s/maxresdefault.jpg,Veni FF,"['free fire', 'CONFERINDO TUDO DA NOVA ATUALIZA√á√ÉO DO FREE FIRE!! QUAIS AS NOVIDADES QUE CHEGARAM?', 'novo evento free fire', 'bandeir√£o 2.0', 'veni', 'mods', 'veni mods', 'atualiza√ß√£o 24 de janeiro', 'nova atualiza√ß√£o do free fire', 'novidades ff', 'ff', 'evento carnacaos ff', 'evento de carnaval', 'atualiza√ß√£o de 2024 free fire']",pt-BR,20.85,hd,39208,2204,232,,2024-01-24,07:39:47,www.youtube.com/watch?v=7EdRiSdsK8s
youtube video,IPruIGPMISY,ENCONTREI 36 ANOMALIAS NESSE JOGO,"Voc√™ se encontra preso em um sonho. Se voc√™ capturar anomalias no sonho com uma c√¢mera, poder√° escapar. üåµ Deixa o like e se inscreva no canal!

üéÆ FALSE DREAM
#TexHS #FalseDream

üíú Julia Minegirl - https://youtube.com/juliaminegirl
üíõ Cris Minegirl - https://youtube.com/crisminegirl",https://i.ytimg.com/vi/IPruIGPMISY/maxresdefault.jpg,Tex HS,"['Tex', 'Tex HS', 'Canal Tex', 'Jogo', 'Game', 'Gameplay', 'False Dream']",pt,34.37,hd,529600,11595,1196,,2024-01-23,13:00:28,www.youtube.com/watch?v=IPruIGPMISY
youtube video,SlOSPzmKllk,FIM DA NOVELA | FLA DEFINE SITUA√á√ïES NA EUROPA | 225 MILH√ïES NOS COFRES DO FLAMENGO E+,"JORNAL VVP AO VIVO AS 11H00: https://www.youtube.com/@LiveMengoTV

‚ù§üñ§ PIX PARA GRUPO DE MEMBROS DO WHATSAPP: 31986138778

Coluna Jornal O DIA: https://odia.ig.com.br/esporte/fabricio-lopes/

PIX: 31986138778

Se inscrevam nos Canais da Flam√≠lia VVP üëáüß°üñ§
https://youtube.com/flanacaovvp
https://youtube.com/resenharubronegra
https://youtube.com/@canaisvvp

üö®üö® CLIQUE AQUI üëâ https://bit.ly/3APGsXM

Encontrem tudo sobre o Flamengo aqui no nosso canal! Com 2 v√≠deos todos os dias: as 11h e as 21h, levamos at√© voc√™, tudo sobre o Mais Querido do Brasil e do Mundo! 

Seja membro deste canal e ganhe benef√≠cios:
https://www.youtube.com/channel/UCTZkblFI5oLu1mNQgxCzP_g/join

Whatsapp: (31) 98613-8778
üëç Fanpage: https://www.facebook.com/Flanacaovvp
üì∑ Instagram: https://www.instagram.com/Flanacaovvp
üê§ Twitter: https://twitter.co-m/Flanacaovvp

#Flamengo #flamengoaovivo #Not√≠ciasdoFlamengo

































































































flamengo,
gols do flamengo,
flamengo hoje,
nicolas de la cruz,
de la cruz,
wendel,
zenit,
river plate,
gonzalo montiel,
montiel,
de la cruz,
noticias do flamengo,
flamengo x velez,
flamengo ao vivo,
onde assistir flamengo,
aonde assistir flamengo,
onde vai passar o jogo do flamengo hoje,
onde vai passar o jogo do flamengo,
pedro,
final,
fla,
bora bil,
ai pedro,
futebol,
react,
mauro,
jogos do flamengo,
flamengo na libertadores,
entrevista,
flamengo na final,
vampeta,
vidal,
mengo,
gols,
jogo do flamengo,
marinho,
final libertadores,
flamengo libertadores,
meng√£o,
gols flamengo,
varela,
melhores momentos flamengo,
na√ß√£o,
flamengo melhores momentos,
na√ß√£o,
flamengo na final da libertadores,
jogo aberto ao vivo,
gabigol,
copa do brasil,
meng√£o na final,
flamengo x athletico-pr,
meng√£o na final,
flamengo copa do brasil,
gol do flamengo,
vit√≥ria do flamengo,
denilson flamengo,
michael flamengo,
final da libertadores,
libertadores flamengo,
gol do flamengo hoje,
felip√£o,
gols do flamengo hoje,",https://i.ytimg.com/vi/SlOSPzmKllk/maxresdefault.jpg,Resenha Rubro-Negra,"['Flamengo', 'Flamengo ao vivo', 'Not√≠cias do flamengo', 'noticias do flamengo', 'flamengo not√≠cias', 'flamengo agora', 'flamengo hoje', 'flamengo noticias', 'not√≠cias do flamengo agora', '√∫ltimas not√≠cias do flamengo', 'fla na√ß√£o vvp', 'fabricio lopes', 'flanacaovvp', 'Vasco x Flamengo', 'de l√° Cruz', 'Nicolas de l√° Cruz', 'Allan', 'River Plate', 'Atl√©tico MG', 'refor√ßos', 'Marcos Braz', 'Fla', 'MENGO', 'Meng√£o', 'libertadores', 'Palmeiras', 'Botafogo', 'Fluminense', 'copa do Brasil', 'marcos braz', 'nicolas de la cruz', 'de la cruz', 'river plate']",zxx,16.4,hd,42541,8728,387,,2024-01-24,10:00:07,www.youtube.com/watch?v=SlOSPzmKllk
youtube video,o5JLvzNTtRg,TESTAMOS UM JOGO DIVERTIDO NO ROBLOX!,"üíõ No v√≠deo de hoje, eu e o @TexHS fomos em um parque testar diversas experi√™ncias divertidas e engra√ßadas.

üíõ Sejam bem-vindos ao meu canal, e espero que gostem do v√≠deo. Se voc√™ gostar deixa um like para eu saber!

 ‚ô´ M√∫sica: biblioteca de √°udio do YouTube",https://i.ytimg.com/vi/o5JLvzNTtRg/maxresdefault.jpg,Cris Minegirl,"['roblox', 'Roblox', 'divertido', 'engra√ßado', 'crisminegirl', 'cris minegirl', 'tex hs']",pt-BR,12.53,hd,191753,7427,556,,2024-01-23,15:00:44,www.youtube.com/watch?v=o5JLvzNTtRg
youtube video,aLNUOIe3Byk,ARMARIA M√ÉE / FILME 4,"Siga o link e comece a ganhar dinheiro com o Pocket Broker. Utilize o c√≥digo promocional WIRIS para aumentar o seu primeiro dep√≥sito em 60%!  
https://click.theclickpartners.com/nzYS0xzw?landing=14&sub_id1=influ&sub_id2=WIRIS

MAIS INFORMA√á√ïES:
‚ñ∂  https://linktr.ee/wiris.viana",https://i.ytimg.com/vi/aLNUOIe3Byk/maxresdefault.jpg,Wiris Viana,"['webs√©ries', 'achatadaminhairm', 'novelinha', 'videosengra√ßados', 'wirisviana', 'achatadaminhairm√£', 'armariam√£e', 'v√≠deos para familia', 'COMEDIA', 'com√©dia', 'Os melhores v√≠deos da Internet', 'Os melhores filmes da Internet', 'humor inteligente', 'N3tflix', 'Canal que ainda n√£o estar na Netflix', 'Ator que a globo n√£o tem', 'Melhor canal de web serie do brasil', 'melhor canal de v√≠deos para familia do brasil', 'Melhor canal do brasil', 'engra√ßado', 'uires vieira', 'rico', 'pobre']",pt-BR,16.3,hd,276300,5806,181,,2024-01-23,13:41:11,www.youtube.com/watch?v=aLNUOIe3Byk
youtube video,X7aF3nZOS98,Travis Scott - I KNOW ? (Official Music Video),"Travis Scott - I KNOW ? (Official Music Video)

""UTOPIA"" available at: https://TravisScott.lnk.to/UTOPIA

Directed by Dave Meyers & Travis Scott
Starring Emily Ratajkowski & Anok Yai
Label: Cactus Jack Records
Label Producer: Sam Lecca
Production Company: Freenjoy
Produced by Nathan Scherrer & Rois√≠n Audrey Moloney
Cinematographer: Scott Cunningham
Production Designer: Veronica Gutierrez

Travis Scott online:
https://shop.travisscott.com/
https://twitter.com/trvisXX
https://www.instagram.com/travisscott/
https://soundcloud.com/travisscott-2
https://www.facebook.com/travisscottlaflame
https://travisscott.com/

(C) 2024 Cactus Jack Records under exclusive license to Epic Records, a division of Sony Music Entertainment

#TravisScott #UTOPIA #IKNOW",https://i.ytimg.com/vi/X7aF3nZOS98/maxresdefault.jpg,TravisScottVEVO,"['bad bunny', 'utopia', 'travis scott utopia', 'utopia travis scott', 'the weeknd', 'travis scott bad bunny', 'k-pop', 'kpop', 'travis scott k-pop', 'travis scott kpop', 'Lo mejor de Travis Scott', '√âxitos de Travis Scott', 'Canci√≥n de Travis Scott', 'Video de Travis Scott', 'melhor de Travis Scott', 'Sucessos de Travis Scott', 'V√≠deo de Travis Scott', 'M√∫sica de Travis Scott', 'highest in the room', 'Sicko Mode', 'goosebumps', 'Birds in the Trap', 'through the late night', 'Rodeo', 'new']",,3.78,hd,2329415,250213,9913,['RU'],2024-01-23,17:00:21,www.youtube.com/watch?v=X7aF3nZOS98
youtube video,B24Ql0-Ro7I,alanzoka jogando Palworld - Parte #1,"ANO NOVO, CUPOM NOVO! üéâ

ALANZOKA10 √© realidade, agora com 10% CUMULATIVO no KaBuM! nas categorias: Headset Gamer, Teclado Gamer, Mouse Gamer, Gabinete e Mousepad.

Hype Ofertas KaBuM!, com at√© 55% OFF!
http://kb1.me/alanzokahypeofertasyt

-------------------------------------
V√°lido at√© 31/01.

alanzoka jogando Palworld

* Todas as promo√ß√µes, descontos e sorteios do Kabum e/ou outro patrocinador do canal acontecem apenas durante as lives na Twitch. 
 
N√£o autorizamos o uso desse v√≠deo ou qualquer outro conte√∫do das lives do Alanzoka na Twitch em outro canal que n√£o sejam os oficiais. Sejam eles clipes, trechos ou at√© mesmo a live completa. Obrigado.

#alanzoka",https://i.ytimg.com/vi/B24Ql0-Ro7I/maxresdefault.jpg,Lives do alanzoka,"['alanzoka oficial', 'canal do alanzoka', 'lives do alanzoka', 'lives do alan', 'alanzoka memes', 'alanzoka live de hoje', 'alanzoka jogando', 'canal de lives do alanzoka', 'canal secund√°rio alanzoka', 'canal de lives do alan', 'alan twitch', 'alanzoka twitch', 'alanzoka clipes engra√ßados', 'alanzoka canal de clipes', 'canal de clipes alanzoka', 'alanzoka clips', 'gameplayalanzoka', 'gameplay alanzoka', 'alanzoka canal de cortes', 'cortes do alanzoka']",pt-BR,109.07,hd,799591,48893,1272,,2024-01-22,16:00:06,www.youtube.com/watch?v=B24Ql0-Ro7I
youtube video,zQ7I6OBz-LI,Ex-PM Ronnie Lessa delata Domingos Braz√£o como mandante de morte de Marielle Franco |BandNews TV,"O ex-policial militar Ronnie Lessa delata o conselheiro do Tribunal de Contas do Estado Domingos Braz√£o como mandante dos assassinatos da vereadora Marielle Franco e do morotista Anderson Gomes.

Mais not√≠cias no site band.com.br

Canal Principal ‚û§  @BandJornalismo
üì± Redes sociais: 
üì∏ Instagram: /bandjornalismo 
üê¶Twitter: /BandJornalismo
‚û°Ô∏è TikTok: /bandjornalismo
üîµ Facebook: /bandjornalismo
üü† Kwai: /bandjornalismo",https://i.ytimg.com/vi/zQ7I6OBz-LI/maxresdefault.jpg,Band Jornalismo,"['band jornalismo', 'band', 'jornalismo', 'bandeirantes', 'band tv', 'bandnews', 'jornal bandnews', 'band ao vivo', 'reportagens band', 'jornalismo band', 'domingos braz√£o e lula', 'braz√£o e bolsonaro', 'domingos braz√£o e bolsonaro', 'mariele', 'domingos braz√£o dilma', 'quem e domingos braz√£o', 'domingos brazao lula', 'domingos braz√£o esquerda', 'brazao', 'quem √© domingos braz√£o', 'ronnie lessa', 'ronnie lessa domingos braz√£o', 'braz√£o']",pt-BR,2.8,hd,346966,9831,2905,,2024-01-23,16:55:27,www.youtube.com/watch?v=zQ7I6OBz-LI
youtube video,WCSyRTCyhvc,LIVE FC MOBILE BRASIL - TOTY,"Confira uma pr√©via do aguardado evento TOTY.

Vote agora: https://www.ea.com/games/ea-sports-fc/fc-24/toty

Android/Google Play: https://go.ea.com/EASPORTSFCMobile_GooglePl
iOS/App Store: https://go.ea.com/EASPORTSFCMobile_AppStore

Nos siga no Instagram: https://www.instagram.com/easfcmobile/
Nos siga no Twitter / X: https://twitter.com/EASFCMOBILE
Nos siga no Facebook: https://www.facebook.com/EASFCMobile/
Nos siga na Twitch: https://www.twitch.tv/easfcmobile
Nos siga no Threads: https://www.threads.net/@easfcmobile",https://i.ytimg.com/vi/WCSyRTCyhvc/maxresdefault.jpg,EA SPORTS FC MOBILE Brasil,"['FCMobile', 'FC Mobile', 'EA Sports', 'Libertadores', 'LIVE FC Mobile Brasil']",pt-BR,80.02,hd,64919,6499,161,,2024-01-23,22:25:59,www.youtube.com/watch?v=WCSyRTCyhvc
youtube video,-7AOxJeAbdY,CORINTHIANS 3 X 0 NOVORIZONTINO | MELHORES MOMENTOS | SEMIFINAL | COPINHA 2024,Assista a 37 jogos AO VIVO E EXCLUSIVOS da Copinha 2024 aqui na Caz√©TV. #CopinhaNaCaz√©TV,https://i.ytimg.com/vi/-7AOxJeAbdY/maxresdefault.jpg,Caz√©TV,"['Caz√©TV', 'Caz√© TV', 'Casimiro ao vivo', 'Casimiro', 'Caz√©TV ao vivo', 'Caz√© ao vivo', 'Bundesliga na Caz√©TV', 'Bundesliga ao vivo', 'Copinha ao vivo', 'Copinha 2024', 'Copinha 2024 ao vivo', 'Copinha na Caz√©TV']",pt-BR,4.87,hd,331063,12147,694,,2024-01-23,02:29:20,www.youtube.com/watch?v=-7AOxJeAbdY
youtube video,mx-kF28TG44,X2 / VIC√äNCIA 2024 - KAK√Å/PA√áOCA X ETINHO/BRASIL,,https://i.ytimg.com/vi/mx-kF28TG44/maxresdefault.jpg,X1 Brazil,,,86.02,hd,231059,7812,39,,2024-01-23,02:03:23,www.youtube.com/watch?v=mx-kF28TG44
youtube video,2LNU40cPJWs,A CADA RODADA A CAMA ELASTICA AUMENTA!,"Meu espet√°culo: https://www.enaldinho.com.br

O conte√∫do deste e de todos os v√≠deos do canal tem como principal intuito o entretenimento. N√£o repita ou reproduza este conte√∫do, seja em ambientes p√∫blicos ou privados. O conte√∫do visa exclusivamente gerar entretenimento.

CANAL DA ELO TEAM: https://www.youtube.com/results?search_query=elo+team

Seja membro deste canal e ganhe benef√≠cios:
https://www.youtube.com/channel/UC2bYhAHyaqfWlPXWBVk4BcA/join

COMPRE SEU LIVR√ÉO DO ZAP: http://bit.ly/livrosdoenaldinho

MINHA LOJA:  http://lolja.com.br/enaldinho

INSTA: @Enaldinho ou www.instagram.com/enaldinho/

‚òÖ Siga nas redes sociais:

Twitter: https://twitter.com/Enaldinho1

Face: https://www.facebook.com/enaldo.lopes.1

Segundo canal: https://goo.gl/oA3ErZ  

‚òÖ REDES SOCIAIS INTEGRANTES ELO:

VINI: https://youtube.com/@EoViniOficial

LU√çS: https://www.youtube.com/channel/UCLDyrS9G_SPjSUU3BIAsS2g

TIAGO:
Youtube: https://www.youtube.com/channel/UC7R498nEgxhervYSG8iRDbA

GUILHERME
Youtube: https://www.youtube.com/channel/UCUIXGDcq5BMwTGdavU0V8-g

BIEL
Youtube: https://www.youtube.com/user/zvisiongamer

BRENNER
Youtube: https://www.youtube.com/channel/UC7dN8lVhi2FPM9eZbMDrepw

LUIZA
Youtube:
https://www.youtube.com/channel/UCSvi-LS8fTig35aDgYB8TcQ 

NICOLAS
Youtube:
https://www.youtube.com/channel/UCW6_V5qKt6XYv-lST3xZ0nQ

EDI√á√ÉO, REVIS√ÉO E POSTAGEM: Marcelinho Fernandes
- Instagram: @Marcelinho_fe",https://i.ytimg.com/vi/2LNU40cPJWs/maxresdefault.jpg,Enaldinho,"['Enaldinho', 'Enaldo Lopes', 'Desafio', 'elo team']",pt,11.88,hd,1303670,35926,1314,,2024-01-23,15:00:10,www.youtube.com/watch?v=2LNU40cPJWs
youtube video,nrhjNPz9980,VAMOS TER QUE PARAR! T11.ep15 NAM√çBIA - √ÅFRICA,"‚úÖ SEJA MEMBRO DO NOSSO CANAL E ASSISTA AOS V√çDEOS ANTECIPADO! https://www.youtube.com/channel/UC68lo9oCCz9VbEFUqRD_mrg/join
Se voc√™ usa iphone / iOs, precisa abrir pelo computador pra conseguir se tornar MEMBRO, desculpe pelo inconveniente, √© uma limita√ß√£o do pr√≥prio sistema iOs.

‚úÖ CLICA AQUI PRA SE INSCREVER NO NOSSO CANAL ‚Üí https://www.youtube.com/channel/UC68lo9oCCz9VbEFUqRD_mrg?sub_confirmation=1

Vai viajar pra fora e precisa de internet? Holafly! Chip virtual de internet pra voc√™ j√° chegar no seu destino conectado! Acesse o link e contrate o seu agora mesmo usando nosso c√≥digo VMA pra ter 5% de desconto em qualquer plano: https://esim.holafly.com/pt/?ref=mzvinwj&discount=VMA&utm_source=vma_youtube&utm_medium=affiliation&utm_campaign=internet-viagem-esim-holafly

‚Üí INSTAGRAM: @vivendomundoafora
üì© CONTATO COMERCIAL: comercial@vivendomundoafora.com.br

Somos um casal meio maluco, mas bem humorado que, buscando novas experi√™ncias, em 2016 resolveu sair pra dar uma volta ao mundo de carro, e aqui estamos!

Este v√≠deo cont√©m publicidade.

Obrigado! Deixe seu coment√°rio abaixo! Curta e Compartilhe com seus amigos!
#voltaaomundo #viagem #vivendomundoafora",https://i.ytimg.com/vi/nrhjNPz9980/maxresdefault.jpg,Vivendo Mundo Afora,"['VIVENDO MUNDO AFORA', 'VIAJANDO', 'MUNDO AFORA', 'VOLTA AO MUNDO', 'VIAGEM', 'TURISMO', '√ÅFRICA', 'CONTINENTE', 'AFRICANO', 'NAM√çBIA', 'SWAKOPMUND', 'PARQUE NACIONAL', 'SAFARI', 'WALVIS BAY', 'PROBLEMA', 'MOTOR', 'CARRO', 'TOYOTA', '4X4']",pt-BR,43.25,hd,79934,10193,343,,2024-01-23,23:00:52,www.youtube.com/watch?v=nrhjNPz9980
youtube video,TA3YvoQdE0c,JOGO COMPLETO: NOVORIZONTINO X PALMEIRAS | RODADA 1 | FASE DE GRUPOS | PAULIST√ÉO 2024,"√â DIA DE PAULIST√ÉO NA CAZ√âTV! Acompanhe AO VIVO E COM IMAGENS o duelo entre NOVORIZONTINO x PALMEIRAS v√°lido pela 1¬™ rodada do Paulist√£o 2024, aqui no YouTube!

#Paulist√£oNaCaz√©TV",https://i.ytimg.com/vi/TA3YvoQdE0c/maxresdefault.jpg,Caz√©TV,"['Casimiro', 'Casimiro ao vivo', 'Futebol ao vivo', 'Futebol Caz√©TV', 'Caz√©TV', 'Caz√© TV', 'Caz√© ao vivo', 'Caz√©TV ao vivo', 'casetv', 'jogo paulist√£o', 'onde assistir paulist√£o', 'assistir paulist√£o', 'assistir paulist√£o ao vivo', 'campeonato paulista ao vivo', 'PALMEIRAS ao vivo', 'NOVORIZONTINO x PALMEIRAS', 'PALMEIRAS x NOVORIZONTINO', 'assistir PALMEIRAS', 'assistir NOVORIZONTINO x PALMEIRAS', 'assistir PALMEIRAS ao vivo', 'onde assistir PALMEIRAS', 'jogo PALMEIRAS ao vivo', 'jogo NOVORIZONTINO x PALMEIRAS']",pt-BR,414.47,hd,7767312,143463,86,,2024-01-22,01:06:58,www.youtube.com/watch?v=TA3YvoQdE0c
youtube video,xcC3Xh3PFcE,JULLIANY SOUZA - LINDO MOMENTO (AO VIVO),"LINDO MOMENTO - JULLIANY SOUZA

‚ñ∏ Inscreva-se no canal @JullianySouza
‚ñ∏ Ou√ßa nas plataformas digitais: http://ada.lnk.to/LindoMomento

‚ñ∏ Siga Julliany Souza nas redes sociais:
Instagram: https://swiy.co/julliany-instagram
TikTok: https://swiy.co/julliany-tiktok

‚ñ∏ Contato agenda/convites:
+55 (62) 98154-8834 (WhatsApp - Rony)
___

‚ñ∏ Letra:

T√£o lindo √© cada momento
Que me visita e faz de mim o teu altar
Quero ir contigo mais profundo
Segura a minha m√£o 
Eu sei nunca vai soltar 

Leva-me a um lugar
Onde s√≥ voc√™ e eu
Desfrutamos o momento
Te amo meu papai
Eu dependo desse amor
E sem ti eu sei que morro

T√£o lindo √© cada momento
Que me visita e faz de mim o teu altar
Quero ir contigo mais profundo
Segura a minha m√£o
Eu sei nunca vai soltar

Leva-me a um lugar
Onde s√≥ voc√™ e eu
Desfrutamos o momento
Te amo meu papai
Eu dependo desse amor
E sem ti eu sei que morro

Me enxergou na minha tormenta
Me livrou em meus problemas
Transformou minha tristeza
E mudou minha vida inteira

Me vestiu com roupas novas
P√¥s azeite em minha cabe√ßa
Me deu um lugar na mesa
O meu pai n√£o me rejeita

Leva-me a um lugar
Onde s√≥ voc√™ e eu
Desfrutamos o momento
Te amo meu papai
Eu dependo desse amor
E sem ti eu sei que morro

‚ñ∏ Composi√ß√£o: Enmanuel Encarnaci√≥n, Laurelys Castillo e Challenge Salcedo.

A obra, cedida pela editora BIG BRAIN LABEL LLC, foi traduzida de forma autorizada para o idioma Portugu√™s por Lucas Wallas.
___
‚ñ∏ Siga nas plataformas:

Spotify: https://open.spotify.com/intl-pt/artist/0d71FlLkqZzdpEQifcngQq?si=zcyTf5_2RcahunUqHSZ5eQ 

Deezer: https://deezer.page.link/ChfUEf2DzsumKQ428

Amazon Music: https://music.amazon.com.br/artists/B01623BRLY?ref=dm_sh_YVGLoLVXJxSO69Y4YHsMXNnHJ

Apple Music: https://music.apple.com/us/artist/julliany-souza/1045261065 

___
‚ñ∏ Ficha T√©cnica:
Produ√ß√£o executiva: AM√âM
Dire√ß√£o de v√≠deo: Glenio Jr e Lucas Jales 
Produ√ß√£o musical: L√©o Brand√£o e Roger Lima
Arranjos: Roger Lima
Capta√ß√£o: Jo√£o Marcos Soares
Mixagem e Masteriza√ß√£o: Francisco Arnozan 
Bateria: Baby
Guitarras: Dean Torres
Viol√µes: Dean Torres e Caetano
Teclados: Roger Lima
Backing vocal: Caetano
Baixo: Matheus Nogueira
Coral: One Service
___
Julliany Souza √© cantora e compositora crist√£. Desde muito nova, dedica-se ao chamado do Senhor. Iniciou seu minist√©rio aos 14 anos na igreja, destacando-se em 2019 com a m√∫sica ""A Casa √â Sua"". Com uma voz √∫nica, tornou-se representante da m√∫sica gospel nacional e internacional.

Desde 2019, Julliany apresenta m√∫sicas como ""Eu Te Vejo Em Tudo"", ‚ÄùEra Eu‚Äù,  ‚ÄúSinto Fluir‚Äù ft. Marcelo Markes, ""Yeshua‚Äù ""Seu Amor Me Persegue"", ‚ÄúEu S√≥ Quero Tua Presen√ßa‚Äù ft. Theo Rubia, ""Como Na Primeira Vez"", ""Ele Cumprir√°"",  ‚ÄúYahweh Se Manifestar√°‚Äù ft. Marcos Freire, entre outras.

A cantora segue seu prop√≥sito de levar o amor de Deus a todos os povos por meio de seus novos louvores. ""Lindo Momento"" marca o in√≠cio desse novo projeto.
___

‚ñ∏ MAIS DE JULLIANY SOUZA:

Yahweh Se Manifestar√° | @MarcosFreire @JullianySouza AM√âM (Vers√£o Oficial em Portugu√™s) LIVE
https://www.youtube.com/watch?v=EVot5doOp9Q&t=0s

Yeshua + Espont√¢neo | Casa Worship | Momentos
https://www.youtube.com/watch?v=IMOgRTxv3nw&t=0s

Ele CumpriraÃÅ - AMEÃÅM, Julliany Souza
https://www.youtube.com/watch?v=tF6-fjG51tc&t=0s

JULLIANY SOUZA - COMO NA PRIMEIRA VEZ (AO VIVO) ARENA VIDEIRA GOI√ÇNIA Momentos
https://www.youtube.com/watch?v=bBziIwbslKc&t=0s

A Casa √â Sua - CASA WORSHIP (Clipe Oficial)
https://www.youtube.com/watch?v=5QHF5OQeFOs&t=0s

Eu Te Vejo Em Tudo - Casa Worship (Clipe Oficial)
https://www.youtube.com/watch?v=SFiu3KLNd34&t=0s

Seu Amor Me Persegue | Casa Worship
https://www.youtube.com/watch?v=yJl-kZmONY8&t=0s
 
Eu S√≥ Quero Tua Presen√ßa -@theorubia, @CasaWorship,@LeoBrandaoe@JullianySouza (Ao Vivo)
https://www.youtube.com/watch?v=o4AGQdUujss&t=0s

Sinto Fluir - @marcelomarkesoficial| @CasaWorship (Julliany Souza)
https://www.youtube.com/watch?v=bwUJsH6bVEI&t=0s
  
Como Na Primeira Vez + Eu Navegarei | Julliany Souza ft. @ricardinhoqueirozz SESSAÃÉO LIVRE
https://www.youtube.com/watch?v=NSAEphKyS-g&t=0s
___

‚ñ∏ Yeshua Casa Worship, Yahweh Se Manifestar, Ora√ß√£o de Gratid√£o, A Casa √â Sua Casa Worship, Seu Amor Me Persegue, Eu Te Vejo Em Tudo Casa Worship, Era Eu, Sinto Fluir, Eu S√≥ Quero Tua Presen√ßa, essa casa √© sua casa, faz me morrer pras coisas desse mundo, faz outra vez como na primeira vez letra, me derramar

‚ñ∏ Julliany Souza 2024, Lindo Momento, Hermoso Momento, Hermoso Momento Portugu√™s, juliana souza cantora gospel, tu me viste en mi tormenta, me libraste de la prueba, tu me viste en mi tormenta letra, Hermoso momento remix, kairo worship, Hermoso momento farruko, me vistio con ropas nuevas, te amo mi pap√°, yo dependo de tu amor y sin ti yo se que muero, adora√ß√£o espont√¢nea, devocional, louvor pra orar, Hermoso momento letra, Hermoso momento kairo worship, gospel 2023, gospel 2024, ministra√ß√£o ao vivo, julliany Souza sess√£o livre, julliany souza 2023, julliany souza espont√¢neo, hinos, louvor

#LindoMomento  #JullianySouza #HermosoMomento",https://i.ytimg.com/vi/xcC3Xh3PFcE/maxresdefault.jpg,Julliany Souza,"['JULLIANY SOUZA - LINDO MOMENTO (AO VIVO)', 'Lindo Momento', 'Julliany Souza', 'Lindo Momento letra', 't√£o lindo √© cada momento', 'te amo meu papai', 'me enxergou na minha tormenta', 'me livrou em meus problemas', 'me vestiu com roupas novas', 'tu me viste en mi tormenta', 'me libraste de la prueba', 'Hermoso momento julliany Souza', 'Hermoso momento portugu√™s', 'lindo momento playback', 'Hermoso momento letra', 'Hermoso momento playback', 'adora√ß√£o espont√¢nea', 'te amo mi pap√°', 'leva-me a um lugar', 'worship', 'amem']",pt,14.9,hd,126875,10880,965,,2024-01-23,14:00:12,www.youtube.com/watch?v=xcC3Xh3PFcE
youtube video,-FmIjs2XBek,"Rodrigo Simas se sente mais LIVRE ao assumir sua BISSEXUALIDADE | Na Piscina, com F√™ Paes Leme | GNT","F√™ Paes Leme convida o ator Rodrigo Simas para responder algumas perguntas quentes sobre relacionamento, trabalho, sexualidade! ‚òÄÔ∏è

#NaPiscinaComFePaesLeme #RodrigoSimas #GNT

Inscreva-se no canal GNT: http://bit.ly/canalGNT
Assista aos programas na √≠ntegra no Globoplay + Canais: http://bit.ly/GloboplayCanaisGNT
Site: https://gnt.globo.com/
Facebook: https://www.facebook.com/gnt
Instagram: https://instagram.com/gnt/
Twitter: https://twitter.com/canalgnt
Pinterest: https://www.pinterest.com/canalgnt
TikTok: https://www.tiktok.com/@canalgnt

Receitas
Youtube: https://www.youtube.com/receitas
Facebook: https://www.facebook.com/receitas
Instagram: https://instagram.com/receitas
Pinterest: https://www.pinterest.com/receitas
TikTok: https://www.tiktok.com/@receitas",https://i.ytimg.com/vi/-FmIjs2XBek/maxresdefault.jpg,Canal GNT,"['canal gnt', 'GNT', 'canal gnt online', 'assistir gnt', 'TV Globo', 'gnt ao vivo', 'gnt globo', 'gnt', 'estreia', 'Na Piscina com F√™ Paes Leme', 'programa da fepa', 'Quem Pode', 'Pod', 'podcast fernanda paes leme', 'samuel de assis', 'programa fernanda paes leme', 'programa piscina fepa', 'programa novo da fepa', 'programa novo', 'gnt 2024', 'fe paes leme', 'fepa', 'fernanda paes leme', 'namorado', 'duda beat', 'relacionamento', 'amor', 'sofr√™ncia', 'duda beat namorado', 'rainha da sofr√™ncia', 'fe paes leme marido']",pt,6.78,hd,57559,2555,102,,2024-01-23,21:00:01,www.youtube.com/watch?v=-FmIjs2XBek
youtube video,_FAOrDgUODA,OLHA O QUE EST√Å ESCONDIDO NO REFEIT√ìRIO DA ESCOLA no Avatar World,Quem iria imaginar que tem tanta coisa escondida no refeit√≥rio da escola no Avatar World!,https://i.ytimg.com/vi/_FAOrDgUODA/maxresdefault.jpg,Gabriel e Shirley - Games,,pt-BR,12.97,hd,167372,6744,803,,2024-01-23,14:00:21,www.youtube.com/watch?v=_FAOrDgUODA
youtube video,69-MkUbgbzo,24 HORAS IGNORANDO O MEU MELHOR AMIGO *ficou bravo,,https://i.ytimg.com/vi/69-MkUbgbzo/maxresdefault.jpg,Emilly Vick,,pt,11.45,hd,1300672,,4085,,2024-01-23,13:56:54,www.youtube.com/watch?v=69-MkUbgbzo
youtube video,ypr7MgU1Ykw,96th Oscars Nominations Announcement Hosted by Zazie Beetz and Jack Quaid,"Start at 3:00 to watch the 96th Oscars Nominations Announcement, hosted by Zazie Beetz and Jack Quaid! Who are you rooting for?

Tune into the 96th Academy Awards on Sunday, March 10 7E / 4P which will be televised LIVE on ABC and in more than 200 territories worldwide. How to Watch ‚ñ∫‚ñ∫ https://www.oscars.org/how-to-watch/

Subscribe for more Oscars videos ‚ñ∫‚ñ∫ http://osca.rs/subscribeyt

96th Oscars Nominations Announcement Hosted by Zazie Beetz and Jack Quaid

Subscribe for more #Oscars videos ‚ñ∫‚ñ∫ http://osca.rs/subscribeyt 

#Oscars #AcademyAwards #zaziebeetz #jackquaid",https://i.ytimg.com/vi/ypr7MgU1Ykw/maxresdefault.jpg,Oscars,,en,23.73,hd,541730,14536,1976,,2024-01-23,13:55:25,www.youtube.com/watch?v=ypr7MgU1Ykw
youtube video,De5KJO5cVYc,Joguei Todos os FIFAS da HIST√ìRIA! (1994 - 2024),"Joguei Todos os FIFAS da HIST√ìRIA! (1994 - 2024)

Insta: gui_vagabito

0:00 - Intro
0:10 - FIFA 94
1:14 - FIFA 95
2:47 - FIFA 96
4:09 - FIFA 97
5:09 - FIFA 98
6:10 - FIFA 99
7:10 - FIFA 00
8:08 - FIFA 01
9:28 - FIFA 02
10:31 - FIFA 03
11:35 - FIFA 04
12:46 - FIFA 05
13:38 - FIFA 06
14:44 - FIFA 07
16:03 - FIFA 08
16:54 - FIFA 09
18:12 - FIFA 10
18:43 - FIFA 11
19:16 - FIFA 12
20:05 - FIFA 13
21:15 - FIFA 14
22:01 - FIFA 15
22:53 - FIFA 16
23:24 - FIFA 17
24:10 - FIFA 18
25:03 - FIFA 19
25:37 - FIFA 20
26:12 - FIFA 21
26:40 - FIFA 22
27:01 - FIFA 23
27:24 - EA FC 24
27:57 - Notas Finais",https://i.ytimg.com/vi/De5KJO5cVYc/maxresdefault.jpg,Vagabito,"['Joguei Todos os FIFAS da HIST√ìRIA! (1994 - 2024)', 'todos fifas', 'todos fifa da historia']",,28.18,hd,234945,5638,113,,2024-01-22,23:00:12,www.youtube.com/watch?v=De5KJO5cVYc
youtube video,y5rsIFx3YKU,"MARIA MARIAH VOC√ä N√ÉO SAI DA MINHA CABE√áA - MC Meno Dani, Silva MC, JC no Beat, DJ F7 | FitDance","MARIA MARIAH VOC√ä N√ÉO SAI DA MINHA CABE√áA - MC Meno Dani, Silva MC, JC no Beat, DJ F7 | FitDance

#Coreografia para voc√™s!
Elenco do v√≠deo: @gustavosantosw @naianedarlenn @vi.melloo

TikTok: https://www.tiktok.com/@fitdance
Kwai: http://s.kw.ai/tA3xrP8E

Quer fazer parte do maior programa de Aulas do Brasil? 
Seja um instrutor FitDance e venha ser feliz com a gente:
https://www.fitdance.com/seja-instrutor

Acompanhe a FitDance em outras redes:
https://www.instagram.com/fitdance
https://www.facebook.com/fitdance

Conhe√ßa nosso canal FitDance Internacional: https://goo.gl/QuvhJL

Loja Online: https://store.fitdance.com

Confira tamb√©m o nosso perfil no Spotify:
https://spoti.fi/3aPwkPl

Aulas de dan√ßa ao-vivo e on-line na sua casa: www.fitdance.com/plus

#Dance #Choreography",https://i.ytimg.com/vi/y5rsIFx3YKU/maxresdefault.jpg,FitDance,"['FitDance', 'Fit', 'Dance', 'Coreografia', 'Oficial', 'Hits', 'Melhores', 'Choreography', 'Sucesso', 'HIT', '2020', 'Funk', 'Video', 'Charts', 'Trends', 'Aer√≥bico', 'Axe Moi', 'Zumba', 'Fitness', 'Dance Tutorial', 'KondZilla', 'Lan√ßamento', 'Dance Channel', 'Home Office', 'Dance em Casa', 'Dance Video', 'Piseiro', 'Sertanejo', 'Maria Mariah Voc√™ N√£o Sai Da Minha Cabe√ßa', 'MC Meno Dani', 'Silva MC', 'JC No Beat', 'DJ F7']",pt-BR,1.97,hd,47867,997,68,,2024-01-23,13:00:54,www.youtube.com/watch?v=y5rsIFx3YKU
youtube video,Y4izYEJuNW4,A AMIGA DO RYAN FEZ ELE SE REV0LTAR CONTRA FAM√çLIA !!!,A AMIGA DO RYAN FEZ ELE SE REV0LTAR CONTRA FAM√çLIA !!!,https://i.ytimg.com/vi/Y4izYEJuNW4/maxresdefault.jpg,Ryan Oliveira,,,9.6,hd,142845,5513,261,,2024-01-23,15:00:24,www.youtube.com/watch?v=Y4izYEJuNW4
youtube video,uPUh-OU13EI,POK√âMON MAS AGORA ELES USAM ESPINGARDA! - Palworld,"Palworld √© um jogo de coletar monstros muito parecido com Pok√©mon, s√≥ tem uma diferen√ßa... ELES PODEM USAR UMA ESPINGARDA!!! CONFIRA E SARAIVA O LIKE!
======================
‚óèInstagram: julianoab
‚óèEmail de contato: jazzghost@gmail.com",https://i.ytimg.com/vi/uPUh-OU13EI/maxresdefault.jpg,Jazzghost,"['jazzghost', 'jazz', 'palworld', 'pokemon']",,26.0,hd,785378,56852,6831,,2024-01-23,15:00:51,www.youtube.com/watch?v=uPUh-OU13EI
youtube video,dd6F4w4kAQQ,Dumpster diving üòç loja de maquiagem joga produto novo e lacrado ü•∞ quem procura acha!,"‚ÄéDumpster diving ""Mergulho no lixo"" √© um termo infeliz para uma busca nobre, ‚Äã‚Äãrecuperar, doar e reutilizar coisas perfeitamente boas que est√£o sendo jogadas fora todos os dias muitas vezes em √≥tima forma. Cada mergulho √© uma aventura que ganha vida pr√≥pria e quando encontro muitas coisa o cora√ß√£o vai a milh√£o, e confesso que a adrenalina sobe a mil quando mergulho nas lixeiras. 
Nem sempre podemos encontrar um tesouro, mas a emo√ß√£o da busca √© uma das melhores partes da aventura.

Como sempre, muito obrigado por sua presen√ßa e espero que tenha um √≥timo dia! volte sempre.

‚úÖDeseja promover seu produto atrav√©s do canal da Adeline Camargo? 
Ent√£o, entre em contato conosco. Estamos ansiosos para ajud√°-lo!
Parcerias: familiacamargocomercial@gmail.com 

PlayList
Lixo Luxo dos vizinhos
https://www.youtube.com/watch?v=gzJdGaWCnDk&list=PLvWj9SdqDf9pZ7I7md_KdmrigODzwdsW-

Storage Abandonado
https://www.youtube.com/watch?v=PA0LZMEQiYM&list=PLvWj9SdqDf9qcLmHnPg28nUjTfuvPaAo7

Dumpster Diving
https://www.youtube.com/watch?v=izZkr9vLn1k&list=PLvWj9SdqDf9pQZ6rHojr8YRyy3Z5dtqRo

Viagem de MotorHome
https://www.youtube.com/watch?v=S1640NuXW-Q&list=PLvWj9SdqDf9oWxkrXu7hrtvw-CHDtjj_O

Vlog Adeline Camargo
https://www.youtube.com/watch?v=7WBTJwtTVPI&list=PLvWj9SdqDf9oLDeMxSvx79aHpS6V-ZTs5

üì∏ SOCIAL MEDIA LINKS
YouTube
‚úÖ https://youtube.com/@AdelineCamargo
+860 mil seguidores
‚úÖ https://www.youtube.com/@AdelineCamargoFlix
+100 mil seguidores

Faceboock
‚úÖ https://www.facebook.com/adelinecamargooficial
+1 milh√£o 800 mil seguidores

Instagram
‚úÖ üì∏: https://www.instagram.com/adelinecamargooficial
+320 mil seguidores

Siga o canal ""AdelineCamargo"" no WhatsApp: https://whatsapp.com/channel/0029Va9RXby9WtBwrUxtHB0q

#adelinecamargo 

Adeline Camargo, All Rights Reserved
Este canal √© apenas para fins de entretenimento. N√£o somos especialistas e n√£o estamos fazendo recomenda√ß√µes. Compartilhamos nossas opini√µes e o que funciona para n√≥s, Sempre consulte especialistas e fa√ßa sua pr√≥pria pesquisa. Aproveite, mas questione, explore mais e tome suas pr√≥prias decis√µes.",https://i.ytimg.com/vi/dd6F4w4kAQQ/maxresdefault.jpg,Adeline Camargo,"['Viagem de motor home', 'Vlog de viagem', 'Turismo nos Estados Unidos', 'Parques nacionais', 'Aventuras ao ar livre', 'Experi√™ncia de vida n√¥made', 'Road trip nos EUA', 'Cidades tur√≠sticas', 'A√ß√µes beneficentes', 'Vida na estrada', 'Explorando a natureza', 'Comida local', 'Cultura americana', 'Dicas de acampamento', 'Vida em um motor home', 'Hospedagem alternativa', 'Ecoturismo', 'Atra√ß√µes tur√≠sticas', 'Aventuras sustent√°veis', 'Compras em lojas locais', 'Apreciando a paisagem', 'Natureza preservada nos EUA.']",pt-BR,41.12,hd,119078,18598,512,,2024-01-23,15:00:34,www.youtube.com/watch?v=dd6F4w4kAQQ
youtube video,uOehZYTYem0,Palpites do Cicinho! Ex-jogador prev√™ times campe√µes de 2024 | Arena SBT (22/01/24),"O Arena SBT desta segunda-feira (22) destacou as previs√µes de Cicinho para os campeonatos de 2024. O comentarista citou quais times est√£o campe√µes na temporada.

#arenasbt #cicinho #futebol",https://i.ytimg.com/vi/uOehZYTYem0/maxresdefault.jpg,SBT Sports,"['futebol', 'arena sbt', 'cicinho', 'sbt', 'sbt sports', 'emerson sheik', 'sheik', 'mano', 'mauro beting', 'cleber machado', 'previs√µes cicinho', 'palpites cicinho']",pt-BR,3.53,hd,127848,3366,190,,2024-01-23,04:03:07,www.youtube.com/watch?v=uOehZYTYem0
youtube video,O7jq30te1VU,Chegou a Lista de Material Escolar (HUMOR) Chico da Tiana,"Chegou a Lista de Material Escolar (HUMOR) Chico da Tiana

SE INSCREVA NO CANAL :) 

Curta no Face: Facebook.com/ReclamacaoDoDia
Siga no Instagram: @ReclamacaoDoDia
No Twitter: @ReclamacaoDia

Siga Cleber Rosa: 
Facebook.com/RosaCleber
Twitter: @CleberRosa
Instagram: @CleberRosa",https://i.ytimg.com/vi/O7jq30te1VU/maxresdefault.jpg,Reclama√ß√£o do Dia,"['Piada', 'Reclama√ß√£o do Dia', 'Chico Da Tiana', 'humor', 'Cleber Rosa']",,3.38,hd,115302,7580,161,,2024-01-23,14:21:42,www.youtube.com/watch?v=O7jq30te1VU
youtube video,OugZ83z0eb8,MOSTRANDO O APARTAMENTO DA PRAIA! - Fran Japa,"Mais um Daily Vlog pra voc√™s!!! Gostaram do v√≠deo? Deixa aquele like e n√£o esquece de se inscrever no Canal! 

Quer ver mais do meu dia a dia? √© s√≥ seguir no insta: @francijapa

Espero voc√™s l√° ü•∞",https://i.ytimg.com/vi/OugZ83z0eb8/maxresdefault.jpg,Fran Japa,"['franjapa', 'fran japa', 'vlog', 'diario', 'franciele', '24horas', 'engra√ßado', 'wiizinho', 'Francijapa', 'franjaa', 'franzinha', 'franjinha', 'francesinha', 'ravi']",,13.08,hd,145702,5015,0,,2024-01-22,22:00:12,www.youtube.com/watch?v=OugZ83z0eb8
youtube video,TiESFdJkJYc,SAMPAIO CORR√äA X VASCO DA GAMA | CAMPEONATO CARIOCA | JOGO COMPLETO,"#sampaiocorr√™afc  #vasco  #campeonatocarioca 

J√° se inscreveu? Ative tamb√©m as notifica√ß√µes para n√£o perder nenhum lance!

‚óè‚ñ¨‚ñ¨‚ñ¨‚ñ¨‚ñ¨‚ñ¨‚ñ¨‚ñ¨‚ñ¨‚ñ¨‚ñ¨‚ñ¨‚ñ¨‚ñ¨‚ñ¨‚ñ¨‚ñ¨‚ñ¨‚ñ¨‚ñ¨‚ñ¨‚ñ¨‚ñ¨‚ñ¨‚ñ¨‚ñ¨‚ñ¨‚ñ¨‚óè

‚ñ™Ô∏è Uma nova via de consumo esportivo. Inovador, disruptivo e GR√ÅTIS! Inscreva-se em nosso canal e siga-nos em todas as redes sociais @canalgoatbr üêê",https://i.ytimg.com/vi/TiESFdJkJYc/maxresdefault.jpg,Canal GOAT,"['sampaio corr√™a x vasco ao vivo', 'sampaio corr√™a x vasco transmiss√£o', 'sampaio corr√™a x vasco onde assistir', 'sampaio corr√™a x vasco hoje', 'sampaio corr√™a x vasco online', 'sampaio corr√™a x vasco ingresso', 'campeonato carioca', 'carioca ao vivo', 'carioc√£o', 'futebol ao vivo', 'goat', 'canal goat', 'goat ao vivo', 'escala√ß√£o vasco', 'transmiss√£o vasco', 'vasco hoje', 'not√≠cias vasco', 'assista sampaio corr√™a x vasco ao vivo', 'sampaio corr√™a x vasco ao vivo com imagens', 'sampaio corr√™a x vasco ao vivo hoje']",pt,160.87,hd,1770670,87758,26,,2024-01-22,01:49:32,www.youtube.com/watch?v=TiESFdJkJYc
youtube video,nsltw_eiWTg,X1 CONFRONTO - √ÇNGELO (APOSTADOR) X LUCAS BODE (TROPA DO DG),,https://i.ytimg.com/vi/nsltw_eiWTg/maxresdefault.jpg,X1 Brazil,,,59.83,hd,102782,2362,6,,2024-01-23,00:31:57,www.youtube.com/watch?v=nsltw_eiWTg
youtube video,BO05wzlP2Xw,EVOLUI PARA MOTO DA POL√çCIA MAIS R√ÅPIDA DO GTA 5,"Nesse v√≠deo do Costa evolui moto da pol√≠cia mais r√°pida do gta 5

Inscreva-se e entre pra Torcida: https://www.youtube.com/GamerCosta
   Deixe o LIKE!!! Ah n√£o se esque√ßa de ative o sininhoüîî

Redes Sociais:
Instagram: @costagmr",https://i.ytimg.com/vi/BO05wzlP2Xw/maxresdefault.jpg,GamerCosta,"['Jogos', 'Costa', 'Gamercosta', 'costa', 'gamer', 'gamercosta', 'GTA', 'Online', 'Gta', 'gta5', 'GTA 5', 'gta 5', 'Costa gta 5', 'Gamer Costa', 'gamer costa', 'gamercosta gta 5', 'costa gamer', 'costa gamer gta 5', 'costa gta', 'costa gta 5', 'costa mod']",pt,13.1,hd,356141,4622,73,,2024-01-23,00:59:34,www.youtube.com/watch?v=BO05wzlP2Xw
youtube video,PCjEPoWDwkw,FOMOS SURPREENDIDOS DURANTE A REPORTAGEM,"A Ronda do Consumidor est√° na cidade de Santa Luzia para mediar um caso muito delicado envolvendo senhora idosa de mais de 80 anos de idade e uma cl√≠nica odontol√≥gica. 

Siga nosso Instagram: @rondadoconsumidor    




#codigodoconsumidor #rondadoconsumidor",https://i.ytimg.com/vi/PCjEPoWDwkw/maxresdefault.jpg,Rep√≥rter Ben Mendes,"['ronda do consumidor', 'curso online', 'mega cursos', 'defesa do consumidor', 'c√≥digo do consumidor']",pt-BR,28.22,hd,545303,33680,3021,,2024-01-22,13:04:11,www.youtube.com/watch?v=PCjEPoWDwkw
youtube video,gRelKXfRVE8,TODOS OS DROPS S√ÉO ALEAT√ìRIOS NO MINECRAFT!!,TODOS OS DROPS S√ÉO ALEAT√ìRIOS NO MINECRAFT!!,https://i.ytimg.com/vi/gRelKXfRVE8/maxresdefault.jpg,HeyDavi,,,31.0,hd,215743,7126,274,,2024-01-22,21:37:57,www.youtube.com/watch?v=gRelKXfRVE8
youtube video,ICnVh-1ae7Y,BBB 24: Rodriguinho perde as estribeiras! Todos contra Davi! Yasmin e Wanessa decepcionam,"#ChicoBarneyUrgente √© Urgente!
Seja membro e participe das lives: http://bit.ly/membroCBU",https://i.ytimg.com/vi/ICnVh-1ae7Y/maxresdefault.jpg,Chico Barney ,,en-US,50.42,hd,28041,2965,77,,2024-01-23,15:40:43,www.youtube.com/watch?v=ICnVh-1ae7Y
youtube video,VU1qC8hiUVQ,NOVA IGUA√áU X FLAMENGO | CAMPEONATO CARIOCA | JOGO COMPLETO,"#flamengo #novaigua√ßu #campeonatocarioca 

J√° se inscreveu? Ative tamb√©m as notifica√ß√µes para n√£o perder nenhum lance!

‚óè‚ñ¨‚ñ¨‚ñ¨‚ñ¨‚ñ¨‚ñ¨‚ñ¨‚ñ¨‚ñ¨‚ñ¨‚ñ¨‚ñ¨‚ñ¨‚ñ¨‚ñ¨‚ñ¨‚ñ¨‚ñ¨‚ñ¨‚ñ¨‚ñ¨‚ñ¨‚ñ¨‚ñ¨‚ñ¨‚ñ¨‚ñ¨‚ñ¨‚óè

‚ñ™Ô∏è Uma nova via de consumo esportivo. Inovador, disruptivo e GR√ÅTIS! Inscreva-se em nosso canal e siga-nos em todas as redes sociais @canalgoatbr üêê",https://i.ytimg.com/vi/VU1qC8hiUVQ/maxresdefault.jpg,Canal GOAT,"['campeonato carioca', 'campeonato estadual', 'carioca ao vivo', 'transmiss√£o carioca', 'carioc√£o', 'transmiss√£o ao vivo', 'futebol ao vivo', 'goat', 'canal goat', 'goat ao vivo', 'onde assistir carioca', 'goat carioca', 'nova igua√ßu x flamengo ao vivo', 'nova igua√ßu x flamengo transmiss√£o', 'nova igua√ßu x flamengo onde assistir', 'nova igua√ßu x flamengo hoje', 'nova igua√ßu x flamengo online', 'nova igua√ßu x flamengo ingresso', 'flamengo hoje', 'not√≠cias flamengo', 'escala√ß√£o flamengo', 'palpites flamengo']",pt,159.12,hd,1936267,78700,64,,2024-01-21,23:37:39,www.youtube.com/watch?v=VU1qC8hiUVQ
youtube video,pPUMfLUbtXQ,A estreia do CAIO PAULISTA no Palmeiras foi FENOMENAL!!! Hahahahaha,#caiopaulista #palmeiras #spfc,https://i.ytimg.com/vi/pPUMfLUbtXQ/maxresdefault.jpg,Infindo Sports,,pt-BR,9.45,hd,62613,4245,556,,2024-01-22,21:54:38,www.youtube.com/watch?v=pPUMfLUbtXQ
youtube video,7IuggEL44T8,SAL vs PROPOLIS (a batalha final),"V√çDEOS PROVAVELMENTE TODA SEMANA!

LOJA DO CANAL: https://www.lolja.com.br/acucar

CONTATO: parceria@contatoacucar.com
SE INSCREVA!",https://i.ytimg.com/vi/7IuggEL44T8/maxresdefault.jpg,A√ß√∫car,,pt-BR,9.1,hd,271074,9196,498,,2024-01-22,13:36:04,www.youtube.com/watch?v=7IuggEL44T8
youtube video,VkofAjyAcUc,O PALMEIRAS E A REVOLU√á√ÉO DO MOVIMENTO NEGRO COM ZUMBI DOS PALMEIRAS | √Årea Delas #11,"Toda segunda, logo ap√≥s o Podcast Denilson Show, Alinne Fanelli e Giulia Vanni recebem convidados para falar sobre futebol, cultura, hist√≥ria e curiosidades de um jeito muito especial!

E no epis√≥dio de hoje vamos falar sobre o movimento antirracismo no futebol e como o Palmeiras ajudou a revolucionar o movimento negro no Brasil. Com o pessoal do Zumbi dos Palmeiras, vamos falar sobre o ""Chic Show"" que teve seu inicio sediado no gin√°sio do Palmeiras na d√©cada de 70, durante a ditadura militar.

Siga o √Årea Delas nas redes sociais:
https://www.instagram.com/area.delas

Alinne Fanelli: @alinnefanelli
Giulia Vanni: @giuliavvanni
Zumbi dos Palmeiras: @zumbidospalmeiras",https://i.ytimg.com/vi/VkofAjyAcUc/maxresdefault.jpg,Den√≠lson Show,"['podcast do denilson show', 'area delas', 'area delas alinne fanelli e giulia vanni', 'alinne fanell', 'guilia vanni', 'futebol feminino podcast denilson', 'area delas podcast denilson', 'area delas com alinne fanelli e gulia vanni', 'alinne fanelli area delas', 'chic show', 'zumbi dos palmeiras', 'movimento negro palmeiras', 'chic show palmeiras', 'chic show o que √©', 'chic show decada de 70', 'movimento antirracista no futebol', 'zumbi dos palmeiras area delas', 'zumbi dos palmeiras chic show']",pt,44.83,hd,93459,245,36,,2024-01-22,15:59:10,www.youtube.com/watch?v=VkofAjyAcUc
youtube video,CJeLp5jrJ_Y,Invenc√≠vel - Temporada 2 | Segunda Parte | An√∫ncio de Data | Prime Video,"Se prepararem que Mark Grayson (Steven Yeun) est√° pronto para voltar √† faculdade, ler os livros de seu pai, encarar seus problemas de frente e vencer todo mundo! 

A segunda parte de #Invenc√≠vel estreia dia 14 de mar√ßo no meu streaming.

Inscreva-se no canal do YouTube: https://bit.ly/35FaAo8  

Sobre o #PrimeVideo: Assine Prime Video para assistir a filmes e s√©ries populares, incluindo Amazon Originals premiados. Al√©m de um cat√°logo cheio de t√≠tulos, membros Prime t√™m acesso a benef√≠cios, como frete GR√ÅTIS e r√°pido em milhares de produtos na Amazon.com.br, m√∫sicas sem an√∫ncios na Amazon Music, Prime Gaming na Twitch e e-books e revistas no Prime Reading. Tudo na mesma assinatura, por apenas R$ 14,90/m√™s. Teste Gr√°tis por 30 dias.  

Siga nossas redes sociais:  
Instagram: https://www.instagram.com/primevideobr/   
Facebook: https://www.facebook.com/PrimeVideoBR/   
Twitter: https://twitter.com/PrimeVideoBR  
TikTok: https://www.tiktok.com/@primevideobr",https://i.ytimg.com/vi/CJeLp5jrJ_Y/maxresdefault.jpg,Prime Video Brasil,"['2024', 'anima√ß√£o', 'atomic eve', 'desenho animado', 'desenho de her√≥i', 'hq', 'hqs', 'invencivel 2', 'invencivel 2 temporada', 'invencivel 2024', 'invencivel no prime video', 'invencivel temporada 2', 'invenc√≠vel', 'invincible', 'invincible season 2', 'mark', 'marquinhos', 'o invencivel serie', 'parte 2', 'rpg', 'segunda parte', 'seth rogen', 'steven yeun', 'super her√≥i', 't2', 'temporada 2', 'trailer 2024', 'trailer oficial', 'vencivel', 'amazon prime video', 'amazon prime video brasil', 'amazon prime', 'amazon', 'prime video', 'prime video brasil']",,0.25,hd,41146,2844,238,,2024-01-22,17:58:03,www.youtube.com/watch?v=CJeLp5jrJ_Y
youtube video,l1vUmevKvvc,"F√°brica de memes, Corinthians sonhou com Gabigol e acordou sem Matheuzinho","Na Outsider Tours voc√™ j√° encontra pacotes para:

‚öΩ Jogos do Flamengo, Fluminense e S√£o Paulo na Libertadores.

üåé  Super Mundial de clubes 2025 com o Flamengo, Palmeiras e Fluminense garantidos.

üåé  Pacotes para Copa do Mundo de 2026, nos Estados Unidos, M√©xico e Canad√°

üèÜ  Final da Champions League em Londres em 2024

üèÜ  Final da Libertadores 2024

‚öΩ  Entre em contato com a Outsiders Tours:

www.instagram.com/outsidertours

www.outsidertours.com.br

Pelo WhatsApp: https://wa.me/5521981269759

Presta√ß√£o de contas sobre Guayaquil 2022:
https://outsidertours.com.br/2023/04/03/prestacao-de-contas/

Se voc√™ comprou o pacote para Guayaquil em 2022 e precisa entrar em contato com a Outsider Tours, mande e-mail para contato@outsidertours.com
 
#corinthians #flamengo #mercadodabola

Como se nao bastassem os dois casos envolvendo jogadores do Flamengo, o zagueiro Lucas Ver√≠ssimo foi apresentado como integrante do elenco para a temporada, mas acabou indo para o Catar, e a multa a ser paga ao antigo patrocinador corintiano n√£o ser√° paga pelo novo parceiro como inicialmente informado, mas pelo pr√≥prio clube.

Foto da thumb: üì∏ Divulga√ß√£o/CRF/Gilvan de Souza 

Leia o Blog do Mauro Cezar Pereira no UOL Esporte:
O absurdo de Corinthians e Flamengo com Matheus Fran√ßa, o ex-Matheuzinho
https://x.gd/6hv1K

Siga o canal do Mauro Cezar no WhatsApp: https://x.gd/sMzK9

Siga o canal do Mauro Cezar no Telegram: https://t.me/maurocezar000/4

Veja como foi a √∫ltima Mesa Redonda com os membros do canal: https://x.gd/wzwLU

Membro do canal, participe dos debates na comunidade no Discord. Acesse o link: https://discord.gg/NxVHBXkpYu

Acesse a comunidade: https://www.youtube.com/channel/UCRcRAyb5Y4x3HVNKBZ9SMLA/community

Fa√ßa sua inscri√ß√£o no canal de cortes das lives, o Mauro Cezar Lives: http://www.youtube.com/maurocezarlives

Seja membro do YouTube.com/MauroCezar: http://bit.ly/3bC9Kgl

Adquira camisetas do canal no Use 360 acessando o site: use360.com.br

V√° ao site do Caneca 360 para escolher o seu modelo preferido: http://www.caneca360.com.br

Conhe√ßa o Curso Online de Jornalismo Esportivo com Mauro Cezar Pereira. Acesse: http://maurocezarpereira.com.br

Endere√ßo do YouTube.com/MauroCezar nos Correios: Caixa Postal 76696 CEP 05047-970 S√£o Paulo - SP

E-mail: mauro.cezar.pereira@uol.com.br

Ajuda do YouTube: http://support.google.com/youtube/answer/6304294?hl=pt-BR&co=GENIE.Platform=Desktop#zippy=",https://i.ytimg.com/vi/l1vUmevKvvc/maxresdefault.jpg,Mauro Cezar,"['Mauro cezar', 'Flamengo', 'Corinthians', 'Matheuzinho', 'Futebol', 'Mercado da bola']",pt-BR,12.25,hd,63726,8762,217,,2024-01-23,23:11:45,www.youtube.com/watch?v=l1vUmevKvvc
youtube video,0kVSq7cYxbM,"iOS 17.3 | NOVA ATUALIZA√á√ÉO, VEJA QUAIS S√ÉO AS NOVIDADES","A Apple acaba de lan√ßar uma nova atualiza√ß√£o para iPhone. O iOS 17.3 chega com novidades importates e uma nova fun√ß√£o crucial para a seguran√ßa do seu dispositivo. 

https://www.youtube.com/watch?v=EcZAZTRM_tw

üì¢ ME SIGA NAS REDES SOCIAIS:
‚ú© Instagram: @canalrodrigomoreira

üì™ CONTATO PROFISSIONAL:
‚ú©  canalrodrigomoreira@hotmail.com",https://i.ytimg.com/vi/0kVSq7cYxbM/maxresdefault.jpg,Rodrigo Moreira,"['ios 17.3', 'ios 17.3 novidades', 'ios 17.3 atualiza√ß√£o', 'ios 17.3 iphone', 'iphone']",pt,7.63,hd,54702,4058,600,,2024-01-22,20:54:10,www.youtube.com/watch?v=0kVSq7cYxbM
youtube video,aditICokASc,Atrav√©s da Minha Janela : Olhos nos Olhos | Trailer oficial | Netflix,"A sensa√ß√£o √© de come√ßo, mesmo o fim estando pr√≥ximo. A hist√≥ria de amor de Raquel e Ares est√° de volta √† Netflix no dia 23 de fevereiro, em ""Atrav√©s da Minha Janela : Olhos nos Olhos"".

Depois do √∫ltimo ver√£o, Ares e Raquel n√£o conseguem mais se relacionar e resolvem se separar. Mas, no inverno de Barcelona, eles se veem e percebem que n√£o d√° para negar o amor e a atra√ß√£o que sentem um pelo outro. Ser√° que uma reconcilia√ß√£o vem a√≠?

Assista na Netflix: https://www.netflix.com/title/81484069

Inscreva-se: https://bit.ly/31ynwtw

Sobre a Netflix:
A Netflix √© um dos principais servi√ßos de entretenimento do mundo. S√£o mais de 247 milh√µes de assinaturas pagas em mais de 190 pa√≠ses com acesso a s√©ries, filmes e jogos de diversos g√™neros e idiomas. Assinantes podem assistir, pausar e voltar a assistir a um t√≠tulo quantas vezes quiserem em qualquer lugar e alterar o plano a qualquer momento.

Atrav√©s da Minha Janela : Olhos nos Olhos | Trailer oficial | Netflix
https://www.youtube.com/@NetflixBrasil",https://i.ytimg.com/vi/aditICokASc/maxresdefault.jpg,Netflix Brasil,"['Ares', 'Yoshi', 'al√©m-mar', 'amor', 'apolo hidalgo', 'ares hidalgo', 'ariana godoy', 'artemis hidalgo', 'atrav√©s da minha janela', 'casal', 'clara galle', 'estreia', 'filme da netflix', 'fim', 'irm√£os hidalgo', 'jovem', 'julio pe√±a', 'juventude', 'netflix', 'netflix 2024', 'olhos nos olhos', 'raquel', 'raquel mendoza', 'romance', 'saga netflix', 'trailer', 'trailer netflix', 'trailer oficial', 'trai√ß√£o janela', 't√©rmino']",en-US,1.83,hd,155739,3139,164,,2024-01-22,15:00:00,www.youtube.com/watch?v=aditICokASc
youtube video,KhDhiyVTM-s,Mais um Janeiro sem Fim (HUMOR) Chico da Tiana,"Mais um Janeiro sem Fim (HUMOR) Chico da Tiana

SE INSCREVA NO CANAL :) 

Curta no Face: Facebook.com/ReclamacaoDoDia
Siga no Instagram: @ReclamacaoDoDia
No Twitter: @ReclamacaoDia

Siga Cleber Rosa: 
Facebook.com/RosaCleber
Twitter: @CleberRosa
Instagram: @CleberRosa",https://i.ytimg.com/vi/KhDhiyVTM-s/maxresdefault.jpg,Reclama√ß√£o do Dia,"['Piada', 'Reclama√ß√£o do Dia', 'Chico Da Tiana', 'humor', 'Cleber Rosa']",,1.35,hd,191670,8602,251,,2024-01-22,14:01:21,www.youtube.com/watch?v=KhDhiyVTM-s
youtube video,rdNHUTJak6M,24 HORAS FAZENDO DESAFIOS DEBAIXO D‚Äô√ÅGUA *passamos mal,,https://i.ytimg.com/vi/rdNHUTJak6M/maxresdefault.jpg,Emilly Vick,,pt,15.32,hd,1976504,,11002,,2024-01-22,16:06:10,www.youtube.com/watch?v=rdNHUTJak6M
youtube video,VdEyn2Uxgu0,SEM FORNO E SEM FOG√ÉO - BRIGADEIR√ÉO TRUFADO - R√ÅPIDO e F√ÅCIL - COM POUCOS INGREDIENTES -Dika da Naka,"Ol√° meus amores, como voc√™s est√£o?
A P√°scoa est√° chegando e por aqui j√° vamos come√ßar as receitas com chocolate! Esse Brigadeir√£o √© pr√°tico de fazer e fica com uma consist√™ncia cremosa e deliciosa! Bora ver? 

Espero muito que voc√™s gostem tamb√©m üíã Beijinhos ;)!!‚ù§üíã
üì¢ Se voc√™ gostou deixe seu like üëç e se inscreva no nosso canal

-------------------------------------------------------
Adquira j√° o E-book Fa√ßa e Venda de Chocolates do Dika da Naka
https://dikadanaka.kpages.online/ebooks 
S√£o 3 E-books que tem ensinam tudo para quem ama Chocolate e dicas de como iniciar seu pr√≥prio neg√≥cio üòçüòçüòç

------------------------------------------------------- 
‚úÖ CONTATO COMERCIAL: dikadanaka@gmail.com
 ------------------------------------------------------- 

Sugest√£o de mais receitas:
üî•  PUDIM DE PADARIA: https://youtu.be/OYejolWHxJg?si=Ob7YZ-PYCuEd3JPI 
üî•   PUDIM DE LEITE NINHO: https://youtu.be/ruTnaePJHS4?si=2UDmBeOsF4tcqn4k
üî• O MELHOR BOLO DE BRIGADEIRO DA VIDA: https://youtu.be/XBEsTkBy9Qo?si=ydSEnAfkfM0TQEks
üî•  BRIGADEIR√ÉO BRANCO: https://youtu.be/8Pj-BB0Qhts?si=N7nz5YObNzthIznm   
üî• CALCULANDO O CUSTO E O PRE√áO: https://youtu.be/Lo017hLJMQQ?si=a-GaMEbMVb-N63lc


 ------------------------------------------------------- 
üì± BAIXE nossos APLICATIVOS: 
RECEITAS DA NAKA: https://bit.ly/3dRFqz4 
POR QUANTO VENDER: https://bit.ly/2ILvB91
--------------------------------------------------------- 

üíïREDES SOCIAIS: 
Site: http://www.dikadanaka.com.br/ 
Instagram: http://www.instagram.com/dikadanaka/
TikTok: https://www.tiktok.com/@dikadanaka 
Facebook: http://www.facebook.com/dikanaka
Pinterest: https://br.pinterest.com/dikadanaka/ 

-------------------------------------------------------- 

Ingredientes  

500g de chocolate meio amargo 
2 caixas de creme de leite (400g) 
1 caixa de leite condensado (395g) 

1 envelope de gelatina em p√≥ sem sabor 
5 colheres (sopa) de √°gua   

Decora√ß√£o:
¬Ω x√≠cara (ch√°) de granulado de chocolate  

------------------------------------------------------ 
Veja mais detalhes da receita:
Site: http://www.dikadanaka.com.br/",https://i.ytimg.com/vi/VdEyn2Uxgu0/maxresdefault.jpg,Dika da Naka,"['receitas', 'culinaria', 'doces', 'salgados', 'comida', 'dicas', 'facil', 'rapido', 'receita facil', 'receita rapida', 'gastronomia', 'confeitaria', 'chocolate', 'doce', 'dikas da naka', 'dika da naka', 'dicas da naka', 'dica da naka', 'receitas da naka', 'naka', 'pudim de chocolate', 'brigadeiro', 'brigadeir√£o', 'brigadeir√£o cremoso', 'brigadeir√£o trufado', 'sobremesa de chocolate', 'sobremesa f√°cil', 'brigadeir√£o f√°cil', 'brigadeir√£o sem forno', 'receita de p√°scoa', 'p√°scoa', 'Sobremesa de p√°scoa', 'brigadeir√£o de chocolate']",pt,6.18,hd,284555,5913,242,,2024-01-22,15:00:32,www.youtube.com/watch?v=VdEyn2Uxgu0
